id,ref_seq,species,seq_number,seq_id,7sk_rna,7sk_promoter
1,NW019376918,C. capitata,1,CCAP7SK1,GGAAGTGTGTGTCTTCTGTTTGTGAACATTGGCACATTGAACATTGAATCGCTAGTTAGCAGTTAATTAGCAGATCTGCTCAGTGGCTGACGGTCACACTCTCCAGTCAATATCTCCCACCCAGTAATAATTTGCTGGCGGGCGCGAGGTAACGTCGCTCTTGGTCTTCTGTTGCTGTGACAGCGGGTCACAACGCACAGTCGCTGCGCGGCATGCATTGTACGCTCATTCCATCTCCCGGTTTGTTGTGTACTGCGGTCGAGCCGAGATCGGGCGATGTTCCTCTGCGACGTCATTTCCAAAATTTCTTGGTTAAGTAACTTGTGGTAGCTTAGCTTCGGATTTGTGTAAATTTGCTGTTCAGAACACTTCCAATACCGTGGCATTGCCGAGCAATTTGCCCATCTTTTTTTT,AAAAAGTGGTTAAAAAATTCATGAAAAATATTTAATAAGTAAAAAGTAATGTAAAAGTTGAAAACTACATATATATATTCCACACCGAAAATGCAAAAACAAATTTTACTAAAAATTCAGACCAGTTCCTGCTCTAGGTCAAATTAAAAATTGTTCTAAACAGATGTAACTTATATATACATACATTTGTATATATATATTTTTATATATTTTTTTCTTTGAGATCTTCATATTTAGACTGTTATAATCTCAAATATGAAACAACCATATACGTAACTATATATAGCCATCTATGTACGCAGTTGTAGTGTTCATTGCTCGTGACCTGCCTTTCTTAGTTGCCTTGTGTACATAGCATAATCTGAGCTGTACAACAGATAAACATGCTCCCTTATTTTTGGTACTCCGTTTCACTTCGATTTCGTGTACAAACAAGTATGTATCAATGTACGTGCATGTACATACCTGCTTATTGCTGCTTTGCAACTTCATTTCACTTTGTGTTTTTGAATTTCATTTAATCTTATATTTTCCTGTAATTCACAGATGCTATTTCGTCATTTCATAAGCATAAATACGAACATACTTAGCGAGAATGAT
2,AAEL018514_7SK,Ae. aegypti,1,AAEG7SK1,GGAGGTGTGTGTCTTCGTCTGTGATGGCACGATAACTGAACATTGATC GCTTTACGTGTTAGTTTGCAGATCTGCTCAGTGGCAACCCGTCACACCTAAAATACAACTCTGGCAGTCCGG ATCTGGTATCACGGGTGAACTCTCGCTGCACGGCGCCGGGCCGAACGCACGATTGATGTCATTTGTGATACA AGACTACTGCCGTTCTTACCCAACTCTTTCCAAATTGTTGAGTATAAAATCGTAATTTAATACAGATAGCTT AGCTTCGGATTAAAATTACATTGTTCAGAACGCTTCCATATCACTAGGGCACCGCCGAGCGGTCGGCCCATT CTTTTG,TTATGGGAAACCCGAAACAGATTTTATTTTATGCTCCATTCTCCGCCACTTGTTGATGCGGACCCTAACCAC GTGGTCGCTCCTCTGCTCACCGGAGCACGTTTCATACAGCCTGACGACGACGAGCAATCAGAGGTATGGTGA GCATGCGCATGGAGAGTGGACAGCAGTGCACCCTAAAATCAATTCACACATCATGTGTCAATAGCTGTGTCA ATGTTGCACAGCCTTTTCTTATTAAATTTACTCCTTTTGTGACCATTTCTCTTTCATCCACCGTTATTTTAA TGAGTTTTGTGTTCCGGTGGACGAACGTTCACACAAAAAATGTGTAAATCTTAATCAACCAGAACACAAAGT ATAGTGAAAAAATTAAAGTGTGTGGCTTTTATACATCCTAACTGTAAATTATTTTTAGAGTGCGTGCGATCG TTCTCTCGAACCACGCTCTCCGCTACACATTCGCAGCGAATGGCGTGAATGGATGAAAGAACAAACTAAAGT TTATTTTTAGATTCGTCTCAAAACAACTGCTGTGCATCGCTAGAACCAAGAAATACGCCACTCAGTATATAT AGCACTTCCAACCCCGCTTTCCTC
3,AALB015206_7SK,An. albimanus,1,AALB7SK1,GGAGGTGTGTGTCAAATCAGTATGTGATGGCACGATAACTGAACATTG ATCGCCAAAAACAGTTTAGTTTGCAGATCTGTCCAGTGGCATGCGTCACACTTCTAATGGTAGTCTTTCTTC TGTGTCATCGGTGATCTCTCGTTGCACAGCGACGGGCCGTACGCACGATTGATGTCATCTGTGACACAAGAT TCTACCGCATTACGAAATTAGTTGAAGTTGTAATTATACAAGTTAGCTTAGCTTCGGATTAAAATTACATTG TTCAGAACGCTTCCATATAACTCGGGCACTGCCGAGCAGTTGGCCCATTCTTTTT,CGATTGTGAGACCTTCCAATCCATGTTCATGTCCTCGATAGTATAGTGGTCAGTATCCCCGCCTGTCACGCG GGAGACCGGGGTTCGATTCCCCGTCGGGGAGGGTTGAGTTTTTTAAATTTTCAATAAGTACTCTGAACATTA CCTATTTTGCTTCATTTATGTTAAGTTAATAACTAAGTCGCTGTCAAGAAGGTGGCCATTGATGGAAAAGTG AAAAGCTGGTGACACACGAAGCGTAAACTGAAATGTAATGCCAAAAAGTTTAGGCCGCAAAAAGCTTGCCGT TTACACGCTGTAAAAATGACTATAAGTCCGCGGAGCGTCAAAGTAAGTTTCTATACTATTTATTTCTAACAA AAGTTAATGAATGTTCAGTACAATCAATTTTACGCGTCTCAACATGACCAATTAAACACAGCCAAGCGTAAA ATTCTTGACATTTATTTTATATTTATGTTATAGTTTATGCTTCGTCTGTCGCCAGCTAAAAATGTTGAGAAC AAGTTTATGCGTATGCGCAGCACTGCCGTTAGCAATCGCCAGAACAAACATGACAGCTGGTAGGGTATATAG GAACATGTGCCATCACTGAGCTTT
4,AALF029648_7SK,Ae. albopictus,1,AEAL7SK1,GGAGGTGTGTGTCTTCGTCTGTGATGGCACGATAACTGAACATTGATC GCTTTACGTGTTAGTTTGCAGATCTGCTCAGTGGCAACCCGTCACACCTTGATACAATCGTCTGGCAGTCCG GATCTGGTATCACGGGTGAACTCTCGCTGCACGGCGCCGGGCCGAACGCACGATTGATGTCATTTGTGATAC AAGACTACTGCCGTTCTTACCCAACTCTTTCCAAATTGTTGAGTATAAAAATCGTAATTTAATACAGATAGC TTAGCTTCGGATTAAAATTACATTGTTCAGAACGCTTCCATATCACTAGGGCACCGCCGAGCGGTCGGCCCA TTCTTTTG,TAGCATAGTCAGTCAGTGAATAAGCACCCAAGCCAAGCGACCATCCACCGAACAACTGAGGAGGGAGATTGT TACAAGCACAGCTGATTCGATCTCGCTCTCGGTACCGCATGGCTTGCGAGGCAAGAGCATCAAGCTACGAGC AGGCAAAACAACACCCCTCATAAACCGTAAACATACCCTTACGCTTACCCCATCCATTCCCTACCGTAGCGA CCAGCTCATTATGGGAAACCCGAAACAGATTTTATGTTATGCTTCTTTCTCTGCCACTTGTTGATGCCGCAT CAAGAGACCACGCGGTCGCTCGACCACGTTCCATGCGGCACAGGTAGAGGAGGTAGGCAATCGAGTGCGCGC CAGAGGCATGGTGAGCATGCGCACAGAGAGACGACCGCACCATGTGAGGCGATCGTTCTCTCCGTTCTGAAA GCTCTCCTCGCTCCGTCGTTTTGAATTAATTTGTATGAGTAAAGGTAGGCAAAAGTTATTTTTAGCCACTCG ACTCGAGACGTTGAATTCATAGCAACTGCCATCCATCGCTAAAACCGAAATTTTCGCAGTCTACTATATATA CGACTTCCACCACCGGATATCTTC
5,AARA015292_7SK,An. arabiensis,1,AARA7SK1,GGAGGTGTGTGTCTTCGTATGTGATGGCACGATAACTGAACATTGATC GCCAAAAACAGTTTAGTTTGCAGATCTGTCCAGTGGCATGCGTCACAACTCTAATGGTAGTCTTTCTTCTGT GTCATCGGTGATCTCTCGCTGCACGGCGACGGGCCGTACGCACGATTGATGTCATCTGTGACACGAGATTCT ACCGCCATACGAAATTAGTTGAAATTGTAATTATACAAGTTAGCTTAGCTTCGGATTAAAATTACATTGTTC AGAACGCTTCCATATCACTCGGGCACTGCCGAGCAGTTGGCCCATTCTTTTT,GGCTTTAGAGTCTCTTATTACTCTGTCTGACTATATAGAGCTGTTAACATTGTTCGTTCCTAATTCAACTGA AAAATTCGCAAAATCACCAATTTAACAGCATCTTTTGTAGGACGTTTTTAACCAGAAAGCACATTGTTACAG ACAGAGCGAAAGAAAATACACCATAGCGGTTGCTCTCACATTCTCTCTCCTTCTTTAAACGTGCGGCCTTTT GCATCCCCTCTCTAACGCAGTCGACTGTTATAAGGTTCTGCCGCAGACCGTTTGGAAGGGATGCTAAAAATA GAACACAAAAGCGACGAAGGGAAAAGTGCGTAGCATGAGAGCATGCGCACTCGCAGCATCGGTGTTTGGTGT GTGCGTGAATGAGATGGAAGACCATTTTTATACATCGCTAGAACTCGGTTGAAGTTAGCGTGGTATATAATA GCAAACAGCATGCAGAGGTTACTC
6,AGAP028235_7SK,An. gambiae,1,AGAM7SK1,GGAGGTGTGTGTCTTCGTATGTGATGGCACGATAACTGAACATTGATC GCCAAAAACAGTTTAGTTTGCAGATCTGTCCAGTGGCATGCGTCACAACTCTAATGGTAGTCTTTCTTCTGT GTCATCGGTGATCTCTCGCTGCACGGCGACGGGCCGTACGCACGATTGATGTCATCTGTGACACGAGATTCT ACCGCCATACGAAATTAGTTGAAATTGTAATTATACAAGTTAGCTTAGCTTCGGATTAAAATTACATTGTTC AGAACGCTTCCATATCACTCGGGCACTGCCGAGCAGTTGGCCCATTCTTTTT,GTTTTAACTCCTTCCCCCTCCCCTCACGCGACGATTAAATCGAAACGGAGAACAAAAACACAGCCCGAGTCG CACTCGGCCAAACAGCTGAACGGGTTAATATTAAGATTCGAATTCCTAAACGGCAAAATAAGGCTGAACAAC GGCTTTAGAGTCTCTTATTACTCTGTCTGACTATATAGAGCTGTTAACATTGTTCGTTCCTAATTCAACTGA AAAATTCGCAAAATCACCAATTTAACAGCATCTTTTGTAGGACGTTTTTAACCAGAAAGCACATTGTTACAG ACAGAGCGAAAGAAAATACACCATAGCTGTTGCTCTCTCATTCTCTCTCCTTCTTTAAACGTGCGGCCTTTT GCATCCCCTCTCTAACGCAGTCGACTGTTATAAGGTTCTGCCGCAGACCGTTTGGAAGGGATGCTAAAAATA GAACACAAAAGTGACGAAGGGAAAAGTGCGTAGCATGAGAGCATGCGCACTCGCAGCATTGGTGTTTGGTGT GTGCGTGAATGAGATGGAAGACTATTTTTATACATCGCTAGAACTCGGTTGAAGTTAGCGTGGTATATAATA GCAAACAGCATACAGAGGTTTCTC
7,ASTEI12173_7SK,An. stephensi,1,ASTE7SK1,GGAGGTGTGTGTCTTCGTATGTGATGGCACGATAACTGAACATTGATC GCCAAAAACAGCTTAGTTTGCAGATCTGTCCAGTGGCATGCGTCACAACTCTAATGGTAGTCTTTCTGCTGT GTCATCGGTGATCTCTCGCTGCACGGCGACGGGCCGTACGCACGATTGATGTCATCTGTGACACGAGATTCT ACCGCCATACGAAATTAGTTGAAGTTGTAATTATACAAGTTAGCTTAGCTTCGGATTAAAATTACATTGTTC AGAACGCTTCCGTATGACTCGGGCACTGCCGAGCAGTTGGCCCATTCTTTTG,GTTCTAGCAGTTAATAGATAGCTTACTCTTAACATGGTAACATGGTATAAACGCAATGCTTAACCTTTTTAA TTAATTTGCAACGATATGGCGATGCTCCTTTCAAGAGTTGTTACCCTTACCAGGATAATTGAATCAGAAAAC AAAAAAGTCTGCATTTCAATCAATGAATGATTTCATTCATCAGCAACAAAACAATCTCCATCACTTTCTTCA TTGAAGATTTTACAAGAATCAACTGTGCGTACCATTATTCCTAAACAAAGAACGTTTCCCAAACAAAATAAT GGATGAGGCGCCAATCGCTGTGAAGAATCCATTCATAACCGCATGCAATGAGAGACTACGCACCGAGCATCG ACTCTCCGCGACTGTTGTAAGGTTCCGGCGTTCGGTGGAAGCGAGCGGAGCTAAAAATAGAACTCAACGGCA GGCAGCAGAAAAGCGATGCGTCGCGTGAACGCATGCGCGACATCGCAGCAGCATAGCCGCGTAGCATAAGTG CGACCGAGAGAGAAGGGGTAGCAAATGCTTATCCATCGCTAGAGCTAGGTTGGGCTGGATGCGGTATATATA GCGAACGGTGGCGCACCGTTCCCT
8,CPIJ039933_7SK,C. quinquefasciatus,1,CQUI7SK1,GGAGGTGTGTGTCTTCGTCTGTGATGGCACGATAACTGAACATTGATC GCTTTGTTAGTTTGCAGATCTGCTCAGTGGCAACCCGTCACACTCTTGATAAACGGCAGTCCGGATCTGGTA TCACGGGTGAACTCTCGCTGCACGGCGCCGGGCCGAACGCACGATTGATGTCATTCGTGATACAAGACGCTG CCCAGACCCAACTATTTCTCAAAATTGTTGAGTATATCGTAATTTAATACAGATAGCTTAGCTTCGGATTAA AATTACATTGTTCAGAACGCTTCCATATCACTAGGGCACCGCCGAGCGGTCGGCCCATTATTTTG,AAGATGAAGAGCATTTAGCCATACCACTTAGAATGTAAATGAAATGTAATTATTATAAGAAAGTTCAATAAA GACATATTTAATTTCAAAAAAAAATTTCATACATCCTCTCTCACGTTTGCTTCTATATCTACCCGCTAAGGT AACAAGCGGAACATAAACACCACTGAGAGTCTGTTCCCTTCCCTGGCTACATGACGGTATTGCACAGCCAGC TGACTCTCCTTTCAATCCTCCTTTTGAAGAGAGTCTCCTCATCCACTTGTTGCTTTGATTCAATACCGCTAG CAAAAAGGTAGTCTGACACACGACTCCGAACAGACAAAAGAGAACAAGAGAGAGAAATTCTCATTCGAGAGA CGGAGAGAGCAGGCAGTCTCTCTGTTTACAAAACAAGATTGAACATGTTCAAAGGGGAGAATACGATTCTCA TTGAAACTATACCCAGCAGCTTGTTACGAACGGGTAGAAAACGAAGTGACTGCATTTGTAAGGCTCCACTAC TGAAAAGAGAGCCAAAGCACCCTCGTTTTCATCCATCGCTAGAACTGCGTTGCTCGCCGCGCACTATATATA CACGTTCCACAACCTCGGTTCTTC
9,DMSNRNA7SKA,D. melanogaster,1,DM7SK1,GGAAGTGTATTCTGTGATTGTTCTGTACATTGATCGATATTCAGGTAACTGCATCTGCTTATCAGATCTGTTCAGAGCCGACCCTCCGTCACACCTTTGTGTTTCCCAGTAATTCTGCCTGGCGTTGCCGTGGCTCCTCGTTCGGATCGGCTTTCCGCTGCCTTCCACTGGATGACGACGGGTTATCCGGCGGTCGACGCACGGTCATGCACCCCCGATCCGTCGCCCCCACCACCCCGCGGATTCTGGTCTCGACCGGAAGCCGTATTGGGCGGGGACGGGCGGCGGTCCGGTGCTGAAGCCGGCGACAGTTGCCCGAGTCAGCCACTTTCAAAATTTGTTGGTTAAGTAACTTAGTAGCTTAGCTTCGGATTTTCGTAACAAATTTGCTGTTCAGAACACTTCCATGTACGCGGCATTGCCGAGCAATTTGCCCATTCTTTT,TGGCTCAATAATCTGTCACCAAAGACACTAGAATATTCTAGGGTCTTTGCTGTCACTATATCGACTTGTATTTCTCCCAATTTGTGTCTCAACTGTGTGAATATTGAGGTCTTTATGGAGTGTAGAGTTACGTACATGCGCGATTTTGCATCACCTGGATACGTTTATAATTCGATTTGGTCGCAATTCCCCAAATCATTTATGTTCCTACTTCACTTATTTTATTTTTATAGTGTTCGATGTACGGATTCTTCACTTAATAAATAATAATTTAAAAAAAAAATTCTATTCATATTATTTTAACTAATTTAAAAATTACATCTTTTTCTGAACACATATTACAAAGGGTACAAATCTATAAATGCATTTGATTTTCTTGTTTGTTTACCTACCGCTGTATGGCACACATATAAAAATATGTATCAGCAAACTCATGCTGTCATTCCACTTTGAAGAATCTTTCGTTTGCTCGAGCCCAGCCGAGGGCAATTCAGGAATATATACTTCCTATTGTTATTTTTTTACCATTCTGCATTTCTCAGTCATTATGAAACAATTTAAATTTCTTACATAGAAACTATACTTTTGATTTCACAGGCTTTTAAAGCAACGTTCATACACGGGTATGCATAAGCAATGGCAAAACCCACCCCGATTTGGTTTGCCATACAGCACGTTTGCCCGACTGCCAGCTTGTAATTCCCAAGTGCTTATTTGGTCAAATACTCGTATAAATACGATATCTGCTTCCCGTTACTTC
10,NC065920,B. neohumeralis,1,BNEO7SK1,GGAAGTGTGTGTCTTCTGTTTGTGAACATTGGCACATTGAACATTGAATCGCTAGTTAGCAGTTAATTAGCAGATCTGCTCAGTGGCTGACGGTCACACTCTCCAGTCAATATCTCCCACCCAGTAATTTGCTGGCGGGCGCAAGTATACGTCGCTCTTGGTCTTCTGATGCTGTGACAACGGGTCACAACGCACAGTCGCTGCGCGATATGCATAGTACGCTCACTCCATCTCCCGGAGTGTTGAGTGCTGCGTTTGCGCCGAGATCGGGCGATGTTCCTCTGCGACGTCATTTCCAAAATTTCTTGGTTAAGTAACTTGTGGTAGCTTAGCTTCGGATTTGTGTAAATTTGCTGTTCAGAACACTTCCAATATGGTGGCATTGCCGAGCAATTTGCCCATATTTTT,AAATTACTGCTCCTTAACTACAGAAATATCCAGTAAGATATAATAATTAAATAAAAGTGAAATACAAATAACAAATACAACACATAAATATAGTAAACCAAAAAGCGTCAGCAATGAGGTTGTTAGTTTTCTCTCAGCATTTCCATTATACCACCACCAAGCCACCAAGCCGGCGTTATGTTTTTGTAAACAAAAATAGTAGTGATGATCCCTTATTTTTCTTGTTCACTATACATCCATTCGTCAGTCTCAATTTTTTTATACAGGTACCTGCTTGCTTTTATTGTTGCTGCTTTGAAACTCCATTTTACATCTGTTGTCAGGGAATTTCTTTCAATGCCACATGTTCGTGTAATTCTTAGATGCTTTTTTGTAACATTGTCGGTATAAAAGTAACTTTGTTGAATGAAATAATT
11,NC052500,B. tryoni,1,BTRY7SK1,GGAAGTGTGTGTCTTCTGTTTGTGAACATTGGCACATTGAACATTGAATCGCTAGTTAGCAGTTAATTAGCAGATCTGCTCAGTGGCTGACGGTCACACTCTCCAGTCAATATCTCCCACCCAGTAATTTGCTGGCGGGCGCAAGTATACGTCGCTCTTGGTCTTCTGATGCTGTGACAACGGGTCACAACGCACAGTCGCTGCGCGATATGCATAGTACGCTCACTCCATCTCCCGGAGTGTTGAGTGCTGCGTTTGCGCCGAGATCGGGCGATGTTCCTCTGCGACGTCATTTCCAAAATTTCTTGGTTAAGTAACTTGTGGTAGCTTAGCTTCGGATTTGTGTAAATTTGCTGTTCAGAACACTTCCAATATGGTGGCATTGCCGAGCAATTTGCCCATATTTTT,AATTCAGTTGTTTTCGCGAAAAAATTGAAAAAGATTCTACCTGAATCTTTAAATTATTTTCTTAATGCAGAACCTAAACGTTGCTAAATAAAACTGATCCATACTTTTTTGTGGAGATACATGACAACATTGTAATAAGATGCATAGTTTCCTCAATCTGCCTTTGAAATGTTGAATTTACTGCTCCTTAACTACAGAAATATCCAGAAAGATATAATTAAATAAAAGTGAAATACAAATAACTAATACAACACATAAATATAGTAAACCAAAAAGCGTCAGCAATGAGGTTGTTAGTTTTCTCTCAGCATTTCCATTATACCACCACCAAGCCACCAAGCCAGCGTTATGTTTTTGTAAACAAAAATAGTAGTGATGATCCCTTATTTTTCTCGTTCACTTTACATCCATTCGTCAGTCTCAATTTTTTTATACAGGTAACCTGCTTGCTTTTATTGTTGCTGCTTTGAAACTCCATTCTACATCTGCAGTCAGGGAATTTCTTTCAATGCCACATGTTCGTGTAATTCTTAGATGCTTTTTTGTTACTTCGTTAGTATAAAAGTAACTTTGTTGACTTAAATAAAT
12,NW017536630,B. latifrons,1,BLAT7SK1,GGAAGTGTGTGTCTTCTGTTTGTGAACATTGGCACATTGAACATTGAATCGCTAGTTAGCAGTTAATTAGCAGATCTGCTCAGTGGCTGACGGTCACACTCTCCAGTCAATATCTCCCACCCAGTAATTTGCTGGCGGGCGCAAGTATACGTCGCTCTTGGTCTTCTGATGCTGTGACAACGGGTCACAACGCACAGTCGCTGCGCGATATGCATAGTACGCTCACTCCATCTCCCCGGAGTGTTGAGTGCTGCGTTTGCGCCGAGATCGGGCGATGTTCCTCTGCGACGTCATTTCCAAAATTTCTTGGTTAAGTAACTTGTGGTAGCTTAGCTTCGGATTTGTGTAAATTTGCTGTTCAGAACACTTCCAATATGGAGGCATTGCCGAGCAATTTGCCCATATTTTT,TGCTTAATAAAAACTGATCCAAGAAATTAAAACAATAATAAGTAACTAAATAGAAGTATACTTTTCTGTGGAGCAAATTGTTACTGATTTTGTCAAAGACACATAACAACATTGTAATCAGATACATAGTTTCTTAAATTTGCCTTTGAAATGGTGATTACAGACATTATTACTGCTTCTTAACTACAGAAATATTCACTCGCTTATTTTCTGTTGTTTGTTTTTTTGTTTTGTTCACTTTACATTGATTCGTCAGTATCAACTTTTTATACAGGTACCTGCTTGCCTTTATTGTTGCTGCTTTGAAACTCCATTCTATTTTGGTTGTTAGTAAATTTCTTTCAATGCCACATATTCGTGTAATTCTCAGATGCTTTTTCGCTACTTCGTCGGTATAAAATCTACTCTATTAAAGAGAGTAAGT
13,NC091537,B. Oleae,1,BOLE7SK1,GGAAGTGTGTGTCTTCTGTTTGTGAACATTGGCACATTGAACATTGAATCGCTAGTTAATTAGCAGATCTGCTCAGTGGCTGACGGTCACACTCTCCAGTCAATATCTCCCACCCAGTAATTTGCTGGCGGGCGCAAGTATACGTCGCTCTTGGTCTTCTGATGCTGTGACAACGGGTCACAACGCACAGTCGCTGCGCGATATGCATAGTACGCTCACTTCATCTCCCGGAGTGTTGAGTGCTGCGTTTGCGCCGAGATCGGGCGATGTTCCTCTGCGACGTCATTTCCAAAATTTCTTGGTTAAGTAACTTGTGGTAGCTTAGCTTCGGATTTGTGTAAATTTGCTGTTCAGAACACTTCCATTGTGGTGGCATTGCTGAGCAATTTGCCCATATTTTT,TAATATAATACTAAAAATAAGTATAATGTTAACGATATTAGAGAAAATAATATACATACATATATACATACATACATACAAGTAGGTAGTACATATAAATTTACAAACATATAATTGTCCAAAAATACACGAAAAATAGTCAGTAATGTTGTTGTTAGTTTTCTCTCAGCATTTCCATTGCCACGCTACCAAGCCACCAAGCCATCGTTGTGTTTTGTAAACAAAAACAATACCTGAGGTACTCAACCAATGCTCCCTTATTTTTGTTGTTCATTTTACGTTGATTCGTCAGACTCAAATTTCTATATAGCTATCTGCTTGTTTTTATTGTTGCTGATTTGGTTGTCTCAACATTTCATTCAATGCAATATGTTCGTGTAATTCTCAGATGCTTTTTTGCTACATCGTCGGTATATAAATAATATTTTTGTATCGGTTAGGT
14,NC064303,B. dorsalis,1,BDOR7SK1,GGAAGTGTGTGTCTTCTGTTTGTGAACATTGGCACATTGAACATTGAATCGCTAGTTAGCAGTTAATTAGCAGATCTGCTCAGTGGCTGACGGTCACACTCTCCAGTCAATATCTCCCACCCAGTAATTTGCTGGCGGGCGCAAGTATACGTCGCTCTTGGTCTTCTGATGCTGTGACAACGGGTCATAACGCACAGTCGCTGCGCGATAAGCATAGTACGCTCACTCCATCTCCCGGAGTGTTGAGTGCTGCGTTTGCGCCGAGATCGGGCGATGTTCCTCTGCGACGTCATTTCCAAAATTTCTTGGTTAAGTAACTTGTGGTAGCTTAGCTTCGGATTTGTGTAAATTTGCTGTTCAGAACACTTCCAATATGGTGGCATTGCCGAGCAATTTGCCCATATTTTT,AACAATAATTTAACAGAAGCATACTTTTTTGTGGAGGAATTATTAATGATATTGTCAAAGACACATGGCAACATTGTAATAAGATTCATAGTTTTCTCAATCTGCCTTTGAAATGTTGAAATTACTGCTTCTTAACTACAGAAATGTCCAGTAAGACATAATTAAATAAAAGTAAAATATTAACAAATACAACACATAAATATAAAATACCAAAAAGAGTCAGTAATGAGGTTGTTAGTTTTCTCTCAGCATTTCCATTATATGTACCGCTACCAAGCCGGCATTATGTATTGTAAACAAAAACAAAACAGTACCTGATGTACTCAACCGATGATCCCTTATTTTTCTTGTTCACTTTACATCCATTCGTCAGTCTCAATTTGTTATACAGGTACCCGCTTACTTTTATTGTTGCTGCTTTGAAACTCTGTTCTACCTCGGTTATCAGTGAATTTCTTTCAACGTCATATGTTCGTGTAATTCGCAGATGCTTTTTCGCTACATCATCGGTATAAAAGTAACTTTGTTGAGTGAGATAAGT
15,NC071668,Z. cucurbitae,1,ZCUC7SK1,GGAAGTGTGTGTCTTCTGTTTGTGAACATTGGCACATTGAACATTGAATCGCTAGTTAGCAGTTAATTAGCAGATCTGCTCAGTGGCTGACGGTCACACTCTCCAGTCAATATATCCCACCCAGTAATTTGCTGGCGGGCGCGAGTGTACGTCGCTCTTGGTCTTCTGATGCTGTGACAACGGGTCACAACGCACAGTCGCTGCGCGATATGCATAGTACTCTCGCACCATCTCCCGGTGTGTTGAGTGCTGCGATTGCGCCGAGATCGAGCGATGTTCCTCTGCGACGTCATTTCCAAAATTTCTTGGTTAAGTAACTTGTGGTAGCTTAGCTTCGGATTTGTGTAAATTTGCTGTTCAGAACACTTCCAATATGGTGGCATTGCCGAGCAATTTGCCCATATTTTT,ATTAAATTCTGTTTAAATTATGAGTCAATAATATCTTAAACTAGAGTCAATAATATTTTAACTAACTTTTAGTAGATGCATATATTATCTGTACATATGTACAAACATTATTTTCTTCATAAACATTCAGCAACGTTGTTGGTATTTTTCTGACGGCATTTCCATTGTACTGCTAGCAAGTCGGCTTTGTGTTTTTGTAAACAGAAGCAGTACCTCAGGTACTCAACAAAAACTCCCTTAGTTTTGATGTTCCTTTTACACTTCATTCTCCAGACTCAACCCGACTATGCCAGCTGTCTGTTAATTTCTTTGAATGCCACATGTTCGTGTAATTCTCAGATGCGATTTCGTTACATTGTCGTTATATAAACAACTTTATTCAGTTTAACCAAC
16,NC071501,A. ludens,1,ALUD7SK1,GGAAGTGTGTGTCTTCTGTTTGTGAACATTGGCACATTGAACATTGAATCGCTAGTGTTTAATTAGCAGATCTGCTCAGTGGCTGACGTCACACTCTATTTCCTCTCAGTAATTTGCTGGCTGACGCGGGAAGTACGCTGCTGGTCTTCCGTTGCTGCGACGGCGGGTCGTAACGCACGGTTAGTGTGGGGGCCAGAATTGGCCCCGCCTCCTTCTACCTGGCGCCGTCATGGTCTAGGCGGGGGGCGGGTCTACCATTCTGAGTTCTTGCCGAGGCTAGTTGCAAATTCTCAGCGACGCCATTTTCAAAATTTCTTGGTTAAGTAACTTGGTAGCTTAGCTTCGGATTTGTAAATTTGCTGTTCAGAACACTTCCATGCCAGTGGCATTGCCGAGCAATTTGCCCATTATTTT,GGAGTGGAGCAAAATAGTGAGCAGAGCAATATTTTTGCCGATATTGCTGCTACGAAGTAGTTAATACAAACACTGAACGATATCATTTAATAATATGACTTGACAACCGTATTGCTAAGATAAAAATTAGTTTGTATGTAATTGCGAACATCCAGCATTGGTACGCAGGCAAAGAAGAAGATGTGTGAAAGCAGCGCAGCTTTTGTCGTGTACGTGTGAAAGGAAAAGAAAAAAATTGACATGAATGTCTACGAAATGGTCAGCTTTAAAGCTTCGGAAGTTTTACATATCTACATATATAGAAGTTTAGAAAAACTGCATTAACAGCGGTACCCTGTAGTTCATCAAATACGCAAACTTATTTGAGTTCCACCCTGTGTTGCACCGGGTTTATGGCAACTACAATAATTTCCTACCGCGCTTTTTAATTTCTTGTAATTCCGAGAAGCATATTCGGTGGACGTTCATATAAAATGGTAATAAATTCGCATATCTGGT
17,NC072896,A. obliqua,1,AOBL7SK1,GGAAGTGTGTGTCTTCTGTTTGTGAACATTGGCACATTGAACATTGAATCGCTAGTGTTTAATTAGCAGATCTGCTCAGTGGCTGACGTCACACTCTATTTCCTCTCAGTAATTTGCTGGCTGACGCGGGAAGTACGCTGCTGGTCTTCCGTTGCTGCGACGGCGGGTCGTAACGCACGGTTAGTGTGGGGGCCAGAATTGGCCCCGCCTCCTTCTACCTGGCGCCGTCATGGTCTAGGCGGGGGGCGGGTCTACCATTCTGAGTTCTTGCCGAGGCTAGTAGCAAATTCTCAGCGACGCCATTTTCAAAATTTCTTGGTTAAGTAACTTGGTAGCTTAGCTTCGGATTTGTAAATTTGCTGTTCAGAACACTTCCATGCCAGTGGCATTGCCGAGCAATTTGCCCATTATTTT,GTTAATACAAACTCTGAATATCATTTCATAATATGACCTGACAACCGTATTGCTAAAATAAAAATAAGTTTGTATGTAATTGCGAACATCCAGCATTGATACGCAGGCAAAGAAGAAGATATGTGAAAGCAGCGCAGCTTTTGTCGTGTACGTGTGAAAGGAGAAGAAAAAAAAAATTGGCACGAATGCCTATGAAATGGTCAGCTTTAAAGCTTCGGAAGTTTTACATATGTACATGTATAGAAGTTTAGAAAAACTGCCTTAACAGCGGTACCCTGTAGTTCATCAAATACGCAAACTTATTTAAGTTCGCCCCGTGTTGCACCGCGTTAATGGCAAACCAAAATAATTTCTTACCGCGCTTTTTAATTTCTTGTAATTCCGAGAAGCATATTCGGTGGGCGTTCATATAAAATGGTAATAAATTCGGATATTTGGT
18,OW026569,P. xylostella,1,PXYL7SK1,CAACTTGTAATTGTTTACCGTAAGTAAGTACTTGCTTTCTGAATAAGTTCAGTTTAAACATCTGTTTAAACAATAATATCAGTTGACCTCAATACTATCGATTTTCTAAATGGTACCTGAAATTTAGTTAAATTTAGGATTCCTGCAGTCCAATCTTCAGGAAGCATCGATCGACGCTTTCCGCTGCCTTCCACTGATATTCAATCTGGCAATATGCCCATTCTACAGTGAAACTATAAAGTCCTGAAATTAATGTTTGAGGAACTAAAATTTTCAGAAGCCTGGCACCATTAGAAAAGAAACATAAAAGTCATAACAATTGTTTATGTCAATAGGCGGTTGGCTGTTTTTTT,TCGCAATTTCGCCAAAAGCGACGCTTTGTGACAGCATAAAGGAGTTAGTCGACTGAGGAATCTGTTCCATTGCTTTCACTTCAAACTTTTACACAACTTATTACGCGCTGTTTCTGCTTCATAGCATCTGCCAATCAAATAAGTTGCCTGAGTGAGGCTACAGCTAAACTGGCGTGCAGTTGTTTGTGTATTAAAGGAGAGAATTTCATTTAAACATTTCATCGCATAGGTACCTACCTGCTAAAATATAAATAATTAAAACCACTGGGAATTCAATATTTTTGGTAGAAAGGTACAAGCCATCTTATACCTGCTGCCTAGCTGTATGAACTTATGTACGTTAGTAGATCACAAGTAACCTTCAAGTAAATAGTAAAAAATATACATGAATGCAATACCACGTCACCAACCTATTT
